kind,ms,a,b,c,d,e
action,418.64,,,,,
frame,17.37,795,1127,0,1920,0
frame,49.59,795,1127,0,1920,0
frame,83.30,795,1127,0,1920,0
frame,117.73,795,1127,0,1920,0
frame,149.82,795,1127,0,1920,0
frame,183.64,795,1127,0,1920,0
frame,202.32,795,1127,0,1920,0
frame,216.89,795,1127,0,1920,0
frame,230.02,795,1127,0,1920,0
frame,250.60,795,1127,0,1920,0
frame,284.88,795,1127,0,1920,0
frame,318.11,795,1127,0,1920,0
frame,326.87,795,1127,0,1920,0
frame,351.42,795,1127,0,1920,0
frame,385.12,795,1127,0,1920,0
frame,418.25,795,1127,0,1920,0
frame,443.39,795,1127,0,1920,0
frame,446.27,795,1127,0,1920,0
frame,449.24,795,1127,0,1920,0
frame,449.88,795,1127,0,1920,0
frame,452.20,795,1127,0,1920,0
frame,454.77,795,1127,0,1920,0
frame,457.51,795,1127,0,1920,0
frame,460.39,795,1127,0,1920,0
frame,463.39,795,1127,0,1920,0
frame,465.69,795,1127,0,1920,0
frame,469.27,795,1127,0,1920,0
frame,471.18,795,1127,0,1920,0
frame,474.31,795,1127,0,1920,0
frame,476.79,795,1127,0,1920,0
frame,479.82,795,1127,0,1920,0
frame,482.45,795,1127,0,1920,0
frame,483.78,795,1127,0,1920,0
frame,485.52,795,1127,0,1920,0
frame,487.87,795,1127,0,1920,0
frame,491.06,795,1127,0,1920,0
frame,493.41,795,1127,0,1920,0
frame,496.24,795,1127,0,1920,0
frame,499.52,795,1127,0,1920,0
frame,502.11,794,1127,0,1920,0
frame,504.84,794,1127,0,1920,0
frame,507.27,794,1127,0,1920,0
frame,510.40,794,1127,0,1920,0
frame,512.85,794,1127,0,1920,0
frame,515.99,794,1127,0,1920,0
frame,516.49,794,1127,0,1920,0
frame,518.78,794,1127,0,1920,0
frame,521.52,794,1127,0,1920,0
frame,537.93,792,1127,0,1920,0
frame,541.12,791,1127,0,1920,0
frame,543.42,791,1127,0,1920,0
frame,547.54,791,1127,0,1920,0
frame,548.97,791,1127,0,1920,0
frame,549.77,791,1127,0,1920,0
frame,552.71,791,1127,0,1920,0
frame,554.48,791,1127,0,1920,0
frame,557.83,791,1127,0,1920,0
frame,560.20,791,1127,0,1920,0
frame,562.80,791,1127,0,1920,0
frame,565.95,791,1127,0,1920,0
frame,568.68,791,1127,0,1920,0
frame,571.59,790,1127,0,1920,0
frame,573.92,790,1127,0,1920,0
frame,577.22,790,1127,0,1920,0
frame,579.56,790,1127,0,1920,0
frame,582.61,790,1127,0,1920,0
frame,583.33,790,1127,0,1920,0
frame,585.67,790,1127,0,1920,0
frame,588.25,790,1127,0,1920,0
frame,590.67,789,1127,0,1920,0
frame,593.36,789,1127,0,1920,0
frame,596.60,789,1127,0,1920,0
frame,598.92,789,1127,0,1920,0
frame,602.75,788,1127,0,1920,0
frame,604.50,788,1127,0,1920,0
frame,608.24,788,1127,0,1920,0
frame,610.10,787,1127,0,1920,0
frame,613.21,787,1127,0,1920,0
frame,615.70,786,1127,0,1920,0
frame,616.25,786,1127,0,1920,0
frame,619.23,786,1127,0,1920,0
frame,621.17,785,1127,0,1920,0
frame,624.28,784,1127,0,1920,0
frame,626.70,783,1127,0,1920,0
frame,629.45,782,1127,0,1920,0
frame,633.07,781,1127,0,1920,0
frame,635.46,779,1127,0,1920,0
frame,638.50,778,1127,0,1920,0
frame,640.70,776,1127,0,1920,0
frame,660.18,766,1127,0,1920,0
frame,663.53,765,1127,0,1920,0
frame,665.68,764,1127,0,1920,0
frame,669.60,764,1127,0,1920,0
frame,671.15,764,1127,0,1920,0
frame,674.72,764,1127,0,1920,0
frame,676.69,764,1127,0,1920,0
frame,679.93,764,1127,0,1920,0
frame,681.93,764,1127,0,1920,0
frame,682.90,764,1127,0,1920,0
frame,685.86,764,1127,0,1920,0
frame,687.92,764,1127,0,1920,0
frame,690.77,764,1127,0,1920,0
frame,693.85,763,1127,0,1920,0
frame,696.22,763,1127,0,1920,0
frame,699.36,763,1127,0,1920,0
frame,702.12,763,1127,0,1920,0
frame,705.21,763,1127,0,1920,0
frame,707.34,763,1127,0,1920,0
frame,710.43,763,1127,0,1920,0
frame,712.94,763,1127,0,1920,0
frame,716.14,762,1127,0,1920,0
frame,718.86,762,1127,0,1920,0
frame,721.55,762,1127,0,1920,0
frame,724.02,762,1127,0,1920,0
frame,726.80,761,1127,0,1920,0
frame,729.89,761,1127,0,1920,0
frame,732.34,761,1127,0,1920,0
frame,735.83,760,1127,0,1920,0
frame,737.91,760,1127,0,1920,0
frame,740.99,759,1127,0,1920,0
frame,743.56,759,1127,0,1920,0
frame,746.59,758,1127,0,1920,0
frame,748.25,758,1127,0,1920,0
frame,748.88,757,1127,0,1920,0
frame,752.57,756,1127,0,1920,0
frame,754.57,755,1127,0,1920,0
frame,757.39,754,1127,0,1920,0
frame,760.47,752,1127,0,1920,0
frame,785.87,741,1126,0,1920,0
frame,788.87,741,1126,0,1920,0
frame,790.78,741,1126,0,1920,0
frame,793.58,741,1126,0,1920,0
frame,796.72,741,1126,0,1920,0
frame,799.15,741,1126,0,1920,0
frame,802.47,741,1126,0,1920,0
frame,804.66,741,1126,0,1920,0
frame,807.71,741,1126,0,1920,0
frame,810.16,741,1126,0,1920,0
frame,813.36,741,1126,0,1920,0
frame,815.07,741,1126,0,1920,0
frame,815.73,741,1126,0,1920,0
frame,819.37,740,1126,0,1920,0
frame,821.30,740,1126,0,1920,0
frame,824.19,740,1126,0,1920,0
frame,827.24,740,1126,0,1920,0
frame,829.61,740,1126,0,1920,0
frame,832.74,740,1126,0,1920,0
frame,835.49,740,1126,0,1920,0
frame,838.29,739,1126,0,1920,0
frame,840.73,739,1126,0,1920,0
frame,843.89,739,1126,0,1920,0
frame,846.33,739,1126,0,1920,0
frame,848.63,739,1126,0,1920,0
frame,849.84,738,1126,0,1920,0
frame,852.25,738,1126,0,1920,0
frame,854.62,738,1126,0,1920,0
frame,857.81,737,1126,0,1920,0
frame,860.15,737,1126,0,1920,0
frame,863.29,736,1126,0,1920,0
frame,865.71,735,1126,0,1920,0
frame,869.30,734,1126,0,1920,0
frame,871.46,733,1126,0,1920,0
frame,874.40,732,1126,0,1920,0
frame,876.97,731,1126,0,1920,0
frame,879.97,730,1126,0,1920,0
frame,896.70,721,1126,0,1920,0
frame,899.53,720,1126,0,1920,0
frame,902.30,719,1126,0,1920,0
frame,905.31,719,1126,0,1920,0
frame,907.96,719,1126,0,1920,0
frame,910.57,719,1126,0,1920,0
frame,913.05,719,1126,0,1920,0
frame,916.32,719,1126,0,1920,0
frame,917.03,719,1126,0,1920,0
frame,919.01,719,1126,0,1920,0
frame,921.32,718,1126,0,1920,0
frame,924.45,718,1126,0,1920,0
frame,926.92,718,1126,0,1920,0
frame,930.14,718,1126,0,1920,0
frame,932.43,718,1126,0,1920,0
frame,935.85,718,1126,0,1920,0
frame,937.99,718,1126,0,1920,0
frame,941.18,718,1126,0,1920,0
frame,943.54,718,1126,0,1920,0
frame,946.74,718,1126,0,1920,0
frame,949.11,718,1126,0,1920,0
frame,949.78,718,1126,0,1920,0
frame,951.88,717,1126,0,1920,0
frame,955.47,717,1126,0,1920,0
frame,957.55,717,1126,0,1920,0
frame,960.71,717,1126,0,1920,0
frame,962.97,717,1126,0,1920,0
frame,966.11,716,1126,0,1920,0
frame,968.62,716,1126,0,1920,0
frame,971.95,716,1126,0,1920,0
frame,974.16,715,1126,0,1920,0
frame,977.40,715,1126,0,1920,0
frame,979.65,714,1126,0,1920,0
frame,982.91,714,1126,0,1920,0
frame,983.66,714,1126,0,1920,0
frame,985.28,713,1126,0,1920,0
frame,988.36,712,1126,0,1920,0
frame,991.11,711,1148,0,1920,0
frame,993.57,710,1148,0,1920,0
frame,996.66,709,1148,0,1920,0
frame,999.14,707,1148,0,1920,0
frame,1002.24,706,1148,0,1920,0
frame,1018.92,698,1148,0,1920,0
frame,1022.74,697,1148,0,1920,0
frame,1024.33,696,1148,0,1920,0
frame,1027.51,696,1148,0,1920,0
frame,1029.76,695,1148,0,1920,0
frame,1033.49,695,1126,0,1920,0
frame,1035.27,695,1126,0,1920,0
frame,1039.03,695,1126,0,1920,0
frame,1041.02,695,1126,0,1920,0
frame,1043.93,695,1126,0,1920,0
frame,1046.39,695,1126,0,1920,0
frame,1048.79,695,1126,0,1920,0
frame,1050.12,695,1126,0,1920,0
frame,1051.94,695,1126,0,1920,0
frame,1055.19,695,1126,0,1920,0
frame,1058.11,695,1126,0,1920,0
frame,1060.24,695,1126,0,1920,0
frame,1063.38,695,1126,0,1920,0
frame,1065.82,695,1126,0,1920,0
frame,1069.10,694,1126,0,1920,0
frame,1071.85,694,1126,0,1920,0
frame,1074.46,694,1126,0,1920,0
frame,1076.93,694,1126,0,1920,0
frame,1080.02,694,1126,0,1920,0
frame,1081.80,694,1126,0,1920,0
frame,1083.06,694,1126,0,1920,0
frame,1085.27,693,1126,0,1920,0
frame,1088.93,693,1126,0,1920,0
frame,1090.82,693,1126,0,1920,0
frame,1093.97,693,1126,0,1920,0
frame,1096.50,692,1126,0,1920,0
frame,1099.71,692,1126,0,1920,0
frame,1101.94,691,1126,0,1920,0
frame,1105.46,691,1126,0,1920,0
frame,1107.64,690,1126,0,1920,0
frame,1110.66,690,1126,0,1920,0
frame,1113.06,689,1126,0,1920,0
frame,1115.11,689,1126,0,1920,0
frame,1116.38,688,1126,0,1920,0
frame,1118.99,687,1126,0,1920,0
frame,1121.81,686,1126,0,1920,0
frame,1124.62,684,1169,0,1920,0
frame,1126.94,683,1170,0,1920,0
frame,1130.12,682,1170,0,1920,0
frame,1132.45,680,1170,0,1920,0
frame,1135.56,679,1170,0,1920,0
frame,1138.38,678,1170,0,1920,0
frame,1141.18,677,1170,0,1920,0
frame,1143.93,676,1170,0,1920,0
frame,1146.72,675,1170,0,1920,0
frame,1149.16,674,1170,0,1920,0
frame,1152.09,673,1170,0,1920,0
frame,1155.46,673,1170,0,1920,0
frame,1157.51,672,1170,0,1920,0
frame,1160.74,672,1170,0,1920,0
frame,1163.05,671,1170,0,1920,0
frame,1166.14,671,1170,0,1920,0
frame,1168.62,670,1170,0,1920,0
frame,1172.15,670,1170,0,1920,0
frame,1174.17,669,1170,0,1920,0
frame,1177.52,669,1170,0,1920,0
frame,1179.80,669,1170,0,1920,0
frame,1182.55,668,1170,0,1920,0
frame,1183.35,668,1170,0,1920,0
frame,1185.62,668,1170,0,1920,0
frame,1188.46,668,1170,0,1920,0
frame,1191.84,668,1170,0,1920,0
frame,1193.59,667,1170,0,1920,0
frame,1196.91,667,1170,0,1920,0
frame,1199.17,667,1170,0,1920,0
frame,1202.25,667,1170,0,1920,0
frame,1205.09,666,1170,0,1920,0
frame,1207.90,666,1170,0,1920,0
frame,1210.29,666,1170,0,1920,0
frame,1213.42,666,1170,0,1920,0
frame,1216.00,666,1170,0,1920,0
frame,1216.76,666,1170,0,1920,0
frame,1218.61,666,1170,0,1920,0
frame,1222.30,665,1170,0,1920,0
frame,1224.14,665,1170,0,1920,0
frame,1227.63,665,1170,0,1920,0
frame,1229.69,665,1170,0,1920,0
frame,1232.86,665,1170,0,1920,0
frame,1235.35,665,1170,0,1920,0
frame,1238.84,665,1170,0,1920,0
frame,1240.81,665,1170,0,1920,0
frame,1243.99,664,1170,0,1920,0
frame,1246.37,664,1170,0,1920,0
frame,1249.19,664,1170,0,1920,0
frame,1249.98,664,1170,0,1920,0
frame,1252.43,664,1170,0,1920,0
frame,1255.18,664,1170,0,1920,0
frame,1257.90,664,1213,0,1920,0
frame,1260.28,664,1214,0,1920,0
frame,1263.54,664,1214,0,1920,0
frame,1265.81,664,1214,0,1920,0
frame,1269.71,664,1214,0,1920,0
frame,1271.42,664,1214,0,1920,0
frame,1274.50,664,1214,0,1920,0
frame,1276.64,664,1214,0,1920,0
frame,1279.38,664,1214,0,1920,0
frame,1282.65,663,1214,0,1920,0
frame,1283.44,663,1214,0,1920,0
frame,1284.95,663,1214,0,1920,0
frame,1288.33,663,1214,0,1920,0
frame,1290.59,663,1214,0,1920,0
frame,1293.61,663,1214,0,1920,0
frame,1296.04,663,1214,0,1920,0
frame,1299.14,663,1214,0,1920,0
frame,1301.61,663,1214,0,1920,0
frame,1304.96,663,1214,0,1920,0
frame,1307.17,663,1214,0,1920,0
frame,1310.22,663,1214,0,1920,0
frame,1312.68,663,1214,0,1920,0
frame,1315.57,663,1214,0,1920,0
frame,1316.41,663,1214,0,1920,0
frame,1318.66,663,1214,0,1920,0
frame,1321.55,663,1214,0,1920,0
frame,1324.20,663,1214,0,1920,0
frame,1326.58,663,1214,0,1920,0
frame,1329.65,663,1214,0,1920,0
frame,1332.15,663,1214,0,1920,0
frame,1335.30,663,1214,0,1920,0
frame,1338.04,663,1214,0,1920,0
frame,1341.30,663,1214,0,1920,0
frame,1343.26,663,1214,0,1920,0
frame,1346.57,663,1214,0,1920,0
frame,1349.08,663,1214,0,1920,0
frame,1349.86,663,1214,0,1920,0
frame,1351.54,663,1214,0,1920,0
frame,1354.95,663,1214,0,1920,0
frame,1357.12,663,1214,0,1920,0
frame,1360.16,663,1214,0,1920,0
frame,1362.65,663,1214,0,1920,0
frame,1365.70,663,1214,0,1920,0
frame,1368.21,663,1214,0,1920,0
frame,1371.53,663,1214,0,1920,0
frame,1373.84,663,1214,0,1920,0
frame,1376.80,663,1214,0,1920,0
frame,1379.45,663,1214,0,1920,0
frame,1382.50,663,1214,0,1920,0
frame,1383.78,663,1214,0,1920,0
frame,1384.84,663,1214,0,1920,0
frame,1387.92,663,1214,0,1920,0
frame,1390.75,663,1214,0,1920,0
frame,1393.17,663,1214,0,1920,0
frame,1396.77,663,1214,0,1920,0
frame,1398.72,663,1257,0,1920,0
frame,1401.86,663,1258,0,1920,0
frame,1404.57,663,1258,0,1920,0
frame,1407.31,663,1258,0,1920,0
frame,1409.84,663,1258,0,1920,0
frame,1412.64,663,1258,0,1920,0
frame,1415.70,663,1258,0,1920,0
frame,1416.48,663,1258,0,1920,0
frame,1418.19,663,1258,0,1920,0
frame,1421.41,663,1258,0,1920,0
frame,1423.74,663,1258,0,1920,0
frame,1426.71,663,1258,0,1920,0
frame,1429.55,663,1258,0,1920,0
frame,1432.28,663,1258,0,1920,0
frame,1434.84,663,1258,0,1920,0
frame,1439.08,663,1258,0,1920,0
frame,1440.41,663,1258,0,1920,0
frame,1443.18,663,1258,0,1920,0
frame,1446.67,663,1258,0,1920,0
frame,1448.76,663,1258,0,1920,0
frame,1449.52,663,1258,0,1920,0
frame,1451.73,663,1258,0,1920,0
frame,1454.67,663,1258,0,1920,0
frame,1457.37,663,1258,0,1920,0
frame,1459.80,663,1258,0,1920,0
frame,1462.82,663,1258,0,1920,0
frame,1465.38,663,1258,0,1920,0
frame,1468.33,663,1258,0,1920,0
frame,1471.15,663,1258,0,1920,0
frame,1473.90,663,1258,0,1920,0
frame,1476.45,663,1258,0,1920,0
frame,1479.40,663,1258,0,1920,0
frame,1482.25,663,1258,0,1920,0
frame,1482.98,663,1258,0,1920,0
frame,1484.88,663,1258,0,1920,0
frame,1487.98,663,1258,0,1920,0
frame,1490.32,663,1258,0,1920,0
frame,1493.36,663,1258,0,1920,0
frame,1495.88,663,1258,0,1920,0
frame,1498.93,663,1258,0,1920,0
frame,1501.44,663,1258,0,1920,0
frame,1504.65,663,1258,0,1920,0
frame,1506.99,663,1258,0,1920,0
frame,1509.77,663,1258,0,1920,0
frame,1512.87,663,1258,0,1920,0
frame,1515.31,663,1258,0,1920,0
frame,1516.46,663,1258,0,1920,0
frame,1518.30,663,1258,0,1920,0
frame,1521.07,663,1258,0,1920,0
frame,1523.84,663,1258,0,1920,0
frame,1526.47,663,1258,0,1920,0
frame,1529.70,663,1258,0,1920,0
frame,1532.00,663,1258,0,1920,0
frame,1534.99,663,1258,0,1920,0
frame,1537.80,663,1258,0,1920,0
frame,1540.65,663,1258,0,1920,0
frame,1543.12,663,1258,0,1920,0
frame,1545.88,663,1258,0,1920,0
frame,1548.90,663,1258,0,1920,0
frame,1549.70,663,1258,0,1920,0
frame,1551.42,663,1258,0,1920,0
frame,1554.82,663,1258,0,1920,0
frame,1556.98,663,1258,0,1920,0
frame,1559.95,663,1258,0,1920,0
frame,1562.56,663,1258,0,1920,0
frame,1565.97,663,1258,0,1920,0
frame,1568.70,663,1258,0,1920,0
frame,1571.45,663,1258,0,1920,0
frame,1573.74,663,1258,0,1920,0
frame,1576.88,663,1258,0,1920,0
frame,1579.40,663,1258,0,1920,0
frame,1581.69,663,1258,0,1920,0
frame,1582.26,663,1258,0,1920,0
frame,1585.00,663,1258,0,1920,0
frame,1587.76,663,1258,0,1920,0
frame,1590.54,663,1258,0,1920,0
frame,1593.06,663,1258,0,1920,0
frame,1596.22,663,1258,0,1920,0
frame,1598.65,663,1258,0,1920,0
frame,1602.16,663,1258,0,1920,0
frame,1604.39,663,1258,0,1920,0
frame,1607.04,663,1258,0,1920,0
frame,1609.93,663,1258,0,1920,0
frame,1613.04,663,1258,0,1920,0
frame,1614.95,663,1258,0,1920,0
frame,1616.27,663,1258,0,1920,0
frame,1618.05,663,1258,0,1920,0
frame,1621.29,663,1258,0,1920,0
frame,1623.75,663,1258,0,1920,0
frame,1626.60,663,1258,0,1920,0
frame,1629.17,663,1258,0,1920,0
frame,1632.15,663,1258,0,1920,0
frame,1634.71,663,1258,0,1920,0
frame,1637.93,663,1258,0,1920,0
frame,1640.79,663,1258,0,1920,0
frame,1643.08,663,1258,0,1920,0
frame,1646.08,663,1258,0,1920,0
frame,1649.02,663,1258,0,1920,0
frame,1651.74,663,1258,0,1920,0
frame,1654.57,663,1258,0,1920,0
frame,1657.17,663,1258,0,1920,0
frame,1660.15,663,1258,0,1920,0
frame,1662.80,663,1258,0,1920,0
frame,1665.24,663,1258,0,1920,0
frame,1668.25,663,1258,0,1920,0
frame,1671.05,663,1258,0,1920,0
frame,1673.61,663,1258,0,1920,0
frame,1676.74,663,1258,0,1920,0
frame,1679.18,663,1258,0,1920,0
frame,1682.15,663,1258,0,1920,0
frame,1682.90,663,1258,0,1920,0
frame,1684.93,663,1258,0,1920,0
frame,1688.29,663,1258,0,1920,0
frame,1690.28,663,1258,0,1920,0
frame,1693.23,663,1258,0,1920,0
frame,1695.85,663,1258,0,1920,0
frame,1698.80,663,1258,0,1920,0
frame,1701.39,663,1258,0,1920,0
frame,1704.51,663,1258,0,1920,0
frame,1707.13,663,1258,0,1920,0
frame,1709.70,663,1258,0,1920,0
frame,1712.70,663,1258,0,1920,0
frame,1714.91,663,1258,0,1920,0
frame,1715.47,663,1258,0,1920,0
frame,1718.36,663,1258,0,1920,0
frame,1721.03,663,1258,0,1920,0
frame,1723.77,663,1258,0,1920,0
frame,1726.34,663,1258,0,1920,0
frame,1729.34,663,1258,0,1920,0
frame,1732.03,663,1258,0,1920,0
frame,1734.97,663,1258,0,1920,0
frame,1737.65,663,1258,0,1920,0
frame,1740.26,663,1258,0,1920,0
frame,1743.23,663,1258,0,1920,0
frame,1745.78,663,1258,0,1920,0
frame,1748.23,663,1258,0,1920,0
frame,1749.24,663,1258,0,1920,0
frame,1751.37,663,1258,0,1920,0
frame,1754.57,663,1258,0,1920,0
frame,1757.04,663,1258,0,1920,0
frame,1759.91,663,1258,0,1920,0
frame,1762.45,663,1258,0,1920,0
frame,1765.47,663,1258,0,1920,0
frame,1768.02,663,1258,0,1920,0
frame,1771.05,663,1258,0,1920,0
frame,1773.84,663,1258,0,1920,0
frame,1776.38,663,1258,0,1920,0
frame,1779.33,663,1258,0,1920,0
frame,1781.68,663,1258,0,1920,0
frame,1782.51,663,1258,0,1920,0
frame,1785.00,663,1258,0,1920,0
frame,1787.84,663,1258,0,1920,0
frame,1790.45,663,1258,0,1920,0
frame,1793.03,663,1258,0,1920,0
frame,1796.03,663,1258,0,1920,0
frame,1798.61,663,1258,0,1920,0
frame,1801.62,663,1258,0,1920,0
frame,1804.92,663,1258,0,1920,0
frame,1806.95,663,1258,0,1920,0
frame,1810.05,663,1258,0,1920,0
frame,1812.58,663,1258,0,1920,0
frame,1814.95,663,1258,0,1920,0
frame,1816.07,663,1258,0,1920,0
frame,1818.01,663,1258,0,1920,0
frame,1821.25,663,1258,0,1920,0
frame,1823.95,663,1258,0,1920,0
frame,1826.55,663,1258,0,1920,0
frame,1829.10,663,1258,0,1920,0
frame,1832.09,663,1258,0,1920,0
frame,1834.72,663,1258,0,1920,0
frame,1837.65,663,1258,0,1920,0
frame,1840.53,663,1258,0,1920,0
frame,1842.97,663,1258,0,1920,0
frame,1845.95,663,1258,0,1920,0
frame,1848.25,663,1258,0,1920,0
frame,1849.06,663,1258,0,1920,0
frame,1851.51,663,1258,0,1920,0
frame,1854.29,663,1258,0,1920,0
frame,1857.07,663,1258,0,1920,0
frame,1859.62,663,1258,0,1920,0
frame,1862.63,663,1258,0,1920,0
frame,1865.20,663,1258,0,1920,0
frame,1868.07,663,1258,0,1920,0
frame,1871.16,663,1258,0,1920,0
frame,1873.54,663,1258,0,1920,0
frame,1876.47,663,1258,0,1920,0
frame,1879.05,663,1258,0,1920,0
frame,1882.38,663,1258,0,1920,0
frame,1884.61,663,1258,0,1920,0
frame,1887.81,663,1258,0,1920,0
frame,1890.20,663,1258,0,1920,0
frame,1893.14,663,1258,0,1920,0
frame,1895.89,663,1258,0,1920,0
frame,1899.36,663,1258,0,1920,0
frame,1901.38,663,1258,0,1920,0
frame,1904.58,663,1258,0,1920,0
frame,1907.10,663,1258,0,1920,0
frame,1909.66,663,1258,0,1920,0
frame,1912.63,663,1258,0,1920,0
frame,1915.27,663,1258,0,1920,0
frame,1916.00,663,1258,0,1920,0
frame,1918.21,663,1258,0,1920,0
frame,1921.15,663,1258,0,1920,0
frame,1923.82,663,1258,0,1920,0
frame,1926.35,663,1258,0,1920,0
frame,1929.24,663,1258,0,1920,0
frame,1931.85,663,1258,0,1920,0
frame,1934.61,663,1258,0,1920,0
frame,1937.86,663,1258,0,1920,0
frame,1940.16,663,1258,0,1920,0
frame,1943.14,663,1258,0,1920,0
frame,1945.73,663,1258,0,1920,0
frame,1948.84,663,1258,0,1920,0
frame,1949.64,663,1258,0,1920,0
frame,1951.30,663,1258,0,1920,0
frame,1954.43,663,1258,0,1920,0
frame,1956.82,663,1258,0,1920,0
frame,1959.78,663,1258,0,1920,0
frame,1962.37,663,1258,0,1920,0
frame,1965.36,663,1258,0,1920,0
frame,1967.94,663,1258,0,1920,0
frame,1970.90,663,1258,0,1920,0
frame,1973.72,663,1258,0,1920,0
frame,1976.36,663,1258,0,1920,0
frame,1979.20,663,1258,0,1920,0
frame,1981.81,663,1258,0,1920,0
frame,1982.56,663,1258,0,1920,0
frame,1984.73,663,1258,0,1920,0
frame,1987.67,663,1258,0,1920,0
frame,1990.35,663,1258,0,1920,0
frame,1992.94,663,1258,0,1920,0
frame,1996.48,663,1258,0,1920,0
frame,1998.51,663,1258,0,1920,0
frame,2016.19,663,1258,0,1920,0
frame,2049.75,663,1258,0,1920,0
frame,2083.55,663,1258,0,1920,0
frame,2117.15,663,1258,0,1920,0
frame,2150.42,663,1258,0,1920,0
frame,2184.02,663,1258,0,1920,0
frame,2213.11,663,1258,0,1920,0
frame,2217.95,663,1258,0,1920,0
frame,2251.90,663,1258,0,1920,0
frame,2284.13,663,1258,0,1920,0
frame,2318.33,663,1258,0,1920,0
frame,2353.17,663,1258,0,1920,0
frame,2384.38,663,1258,0,1920,0
frame,2418.40,663,1258,0,1920,0
frame,2450.89,663,1258,0,1920,0
frame,2483.39,663,1258,0,1920,0
frame,2516.97,663,1258,0,1920,0
frame,2549.52,663,1258,0,1920,0
frame,2583.10,663,1258,0,1920,0
frame,2616.43,663,1258,0,1920,0
frame,2648.87,663,1258,0,1920,0
frame,2682.53,663,1258,0,1920,0
frame,2715.41,663,1258,0,1920,0
frame,2749.16,663,1258,0,1920,0
frame,2782.15,663,1258,0,1920,0
frame,2815.69,663,1258,0,1920,0
frame,2849.27,663,1258,0,1920,0
frame,2882.77,663,1258,0,1920,0
frame,2916.43,663,1258,0,1920,0
frame,2949.91,663,1258,0,1920,0
frame,2983.47,663,1258,0,1920,0
frame,3016.92,663,1258,0,1920,0
frame,3050.53,663,1258,0,1920,0
frame,3084.02,663,1258,0,1920,0
frame,3118.15,663,1258,0,1920,0
frame,3151.62,663,1258,0,1920,0
frame,3185.08,663,1258,0,1920,0
frame,3218.75,663,1258,0,1920,0
frame,3251.53,663,1258,0,1920,0
frame,3285.24,663,1258,0,1920,0
frame,3318.53,663,1258,0,1920,0
frame,3350.95,663,1258,0,1920,0
frame,3384.40,663,1258,0,1920,0
frame,3418.41,663,1258,0,1920,0
frame,3450.87,663,1258,0,1920,0
frame,3483.65,663,1258,0,1920,0
uia,0.22,12.77,784,1137,8
uia,12.77,18.33,784,1137,8
uia,18.33,22.91,784,1137,8
uia,22.91,29.69,784,1137,8
uia,29.69,34.62,784,1137,8
uia,34.62,40.08,784,1137,8
uia,40.08,45.13,784,1137,8
uia,45.13,50.02,784,1137,8
uia,50.02,54.76,784,1137,8
uia,54.76,59.76,784,1137,8
uia,59.77,64.12,784,1137,8
uia,64.12,69.07,784,1137,8
uia,69.07,73.72,784,1137,8
uia,73.72,78.28,784,1137,8
uia,78.28,83.04,784,1137,8
uia,83.04,88.32,784,1137,8
uia,88.32,93.48,784,1137,8
uia,93.48,98.12,784,1137,8
uia,98.12,103.87,784,1137,8
uia,103.87,112.17,784,1137,8
uia,112.17,116.54,784,1137,8
uia,116.54,121.24,784,1137,8
uia,121.24,125.65,784,1137,8
uia,125.65,130.01,784,1137,8
uia,130.01,134.52,784,1137,8
uia,134.52,138.92,784,1137,8
uia,138.92,143.89,784,1137,8
uia,143.89,149.09,784,1137,8
uia,149.09,154.07,784,1137,8
uia,154.07,159.23,784,1137,8
uia,159.23,164.20,784,1137,8
uia,164.20,169.07,784,1137,8
uia,169.07,173.92,784,1137,8
uia,173.93,178.77,784,1137,8
uia,178.77,184.31,784,1137,8
uia,184.31,189.48,784,1137,8
uia,189.49,194.86,784,1137,8
uia,194.86,204.36,784,1137,8
uia,204.36,209.36,784,1137,8
uia,209.36,215.00,784,1137,8
uia,215.00,220.47,784,1137,8
uia,220.47,225.32,784,1137,8
uia,225.32,230.23,784,1137,8
uia,230.24,234.96,784,1137,8
uia,234.96,239.84,784,1137,8
uia,239.84,245.15,784,1137,8
uia,245.15,250.52,784,1137,8
uia,250.52,255.59,784,1137,8
uia,255.59,260.27,784,1137,8
uia,260.27,264.75,784,1137,8
uia,264.75,269.18,784,1137,8
uia,269.18,274.11,784,1137,8
uia,274.11,279.27,784,1137,8
uia,279.27,283.87,784,1137,8
uia,283.87,288.68,784,1137,8
uia,288.68,293.24,784,1137,8
uia,293.24,297.67,784,1137,8
uia,297.67,302.19,784,1137,8
uia,302.19,306.70,784,1137,8
uia,306.70,311.21,784,1137,8
uia,311.21,315.56,784,1137,8
uia,315.56,320.73,784,1137,8
uia,320.73,325.41,784,1137,8
uia,325.41,330.10,784,1137,8
uia,330.10,334.95,784,1137,8
uia,334.95,339.95,784,1137,8
uia,339.95,344.95,784,1137,8
uia,344.95,349.50,784,1137,8
uia,349.50,354.81,784,1137,8
uia,354.81,359.72,784,1137,8
uia,359.72,364.46,784,1137,8
uia,364.46,369.79,784,1137,8
uia,369.79,374.46,784,1137,8
uia,374.46,379.19,784,1137,8
uia,379.19,383.95,784,1137,8
uia,383.95,388.89,784,1137,8
uia,388.89,394.58,784,1137,8
uia,394.58,400.35,784,1137,8
uia,400.35,405.66,784,1137,8
uia,405.66,410.07,784,1137,8
uia,410.07,414.76,784,1137,8
uia,414.76,420.20,784,1137,8
uia,420.20,425.68,784,1137,8
uia,425.68,435.93,784,1137,8
uia,435.93,468.15,762,1159,9
uia,468.15,474.48,783,1159,9
uia,474.48,480.97,783,1159,9
uia,480.97,486.46,783,1159,9
uia,486.46,492.27,783,1159,9
uia,492.27,497.31,783,1159,9
uia,497.31,503.10,783,1159,9
uia,503.10,508.75,783,1159,9
uia,508.75,514.60,783,1159,9
uia,514.60,520.20,783,1159,9
uia,520.20,525.31,782,1159,9
uia,525.31,531.10,782,1159,9
uia,531.10,549.54,781,1137,9
uia,549.54,555.77,779,1181,10
uia,555.77,561.22,779,1181,10
uia,561.22,566.81,779,1181,10
uia,566.81,572.79,779,1181,10
uia,572.79,578.52,779,1181,10
uia,578.52,583.95,779,1181,10
uia,583.95,589.47,779,1181,10
uia,589.47,595.13,778,1181,10
uia,595.13,600.56,778,1181,10
uia,600.56,606.01,777,1181,10
uia,606.01,612.15,777,1181,10
uia,612.15,618.42,776,1181,10
uia,618.42,624.24,775,1181,10
uia,624.24,630.22,773,1181,10
uia,630.22,636.27,771,1181,10
uia,636.27,641.93,768,1181,10
uia,641.93,648.21,764,1181,10
uia,648.21,670.85,761,1181,10
uia,670.85,677.47,752,1203,11
uia,677.47,683.89,752,1203,11
uia,683.89,689.73,752,1203,11
uia,689.73,695.48,752,1203,11
uia,695.48,700.62,752,1203,11
uia,700.62,706.17,752,1203,11
uia,706.17,712.56,752,1203,11
uia,712.56,718.06,751,1203,11
uia,718.06,723.84,751,1203,11
uia,723.84,729.38,750,1203,11
uia,729.38,734.95,750,1203,11
uia,734.95,740.53,749,1203,11
uia,740.53,746.56,748,1203,11
uia,746.56,752.43,746,1203,11
uia,752.43,758.64,745,1203,11
uia,758.64,764.18,742,1203,11
uia,764.18,770.09,739,1203,11
uia,770.09,789.64,736,1181,11
uia,789.64,795.85,729,1225,12
uia,795.85,801.77,729,1225,12
uia,801.77,808.24,729,1225,12
uia,808.24,814.57,729,1225,12
uia,814.57,820.99,729,1225,12
uia,820.99,827.04,729,1225,12
uia,827.04,833.03,729,1225,12
uia,833.03,838.76,728,1225,12
uia,838.76,844.82,728,1225,12
uia,844.82,850.92,727,1225,12
uia,850.92,856.92,727,1225,12
uia,856.92,862.60,726,1225,12
uia,862.60,868.44,724,1225,12
uia,868.44,874.81,723,1225,12
uia,874.81,880.86,721,1225,12
uia,880.86,886.71,718,1225,12
uia,886.71,905.06,715,1225,12
uia,905.06,911.43,707,1247,13
uia,911.44,917.86,707,1247,13
uia,917.86,924.06,707,1247,13
uia,924.06,930.32,707,1247,13
uia,930.32,937.00,707,1247,13
uia,937.00,943.16,707,1247,13
uia,943.16,948.81,706,1247,13
uia,948.81,955.18,706,1247,13
uia,955.18,961.39,706,1247,13
uia,961.39,967.86,705,1247,13
uia,967.86,974.49,704,1247,13
uia,974.49,980.61,704,1247,13
uia,980.61,986.50,703,1247,13
uia,986.50,992.38,701,1247,13
uia,992.39,998.41,700,1247,13
uia,998.41,1005.13,696,1247,13
uia,1005.13,1011.73,693,1247,13
uia,1011.73,1037.47,690,1225,13
uia,1037.47,1044.44,684,1269,14
uia,1044.44,1051.19,684,1269,14
uia,1051.19,1058.14,683,1269,14
uia,1058.14,1065.20,683,1269,14
uia,1065.20,1072.40,683,1269,14
uia,1072.40,1079.61,683,1269,14
uia,1079.61,1087.22,682,1269,14
uia,1087.22,1096.09,682,1269,14
uia,1096.09,1102.73,681,1269,14
uia,1102.73,1110.41,680,1269,14
uia,1110.41,1117.64,678,1269,14
uia,1117.65,1124.76,677,1269,14
uia,1124.76,1131.85,673,1269,14
uia,1131.85,1138.76,669,1269,14
uia,1138.76,1145.59,666,1269,14
uia,1145.59,1152.00,664,1269,14
uia,1152.00,1158.83,662,1269,14
uia,1158.83,1165.41,661,1269,14
uia,1165.41,1171.98,659,1269,14
uia,1171.98,1178.27,658,1269,14
uia,1178.27,1185.19,658,1269,14
uia,1185.19,1192.45,657,1269,14
uia,1192.45,1199.11,656,1269,14
uia,1199.11,1206.35,655,1269,14
uia,1206.35,1213.33,655,1269,14
uia,1213.33,1220.91,654,1269,14
uia,1220.91,1228.14,654,1269,14
uia,1228.14,1235.83,654,1269,14
uia,1235.83,1242.41,653,1269,14
uia,1242.41,1249.13,653,1269,14
uia,1249.13,1256.29,653,1269,14
uia,1256.29,1263.46,653,1269,14
uia,1263.47,1270.40,652,1269,14
uia,1270.40,1276.81,652,1269,14
uia,1276.81,1283.45,652,1269,14
uia,1283.45,1289.78,652,1269,14
uia,1289.78,1296.08,652,1269,14
uia,1296.08,1302.38,652,1269,14
uia,1302.38,1309.09,652,1269,14
uia,1309.09,1315.55,652,1269,14
uia,1315.55,1322.71,652,1269,14
uia,1322.71,1329.40,652,1269,14
uia,1329.40,1335.72,652,1269,14
uia,1335.72,1342.73,652,1269,14
uia,1342.73,1349.65,652,1269,14
uia,1349.65,1355.92,652,1269,14
uia,1355.92,1363.02,652,1269,14
uia,1363.02,1369.41,652,1269,14
uia,1369.41,1376.28,652,1269,14
uia,1376.28,1383.09,652,1269,14
uia,1383.09,1393.17,652,1269,14
uia,1393.17,1399.57,652,1269,14
uia,1399.57,1406.39,652,1269,14
uia,1406.39,1412.52,652,1269,14
uia,1412.52,1419.03,652,1269,14
uia,1419.03,1426.04,652,1269,14
uia,1426.04,1432.38,652,1269,14
uia,1432.38,1438.61,652,1269,14
uia,1438.61,1444.74,652,1269,14
uia,1444.74,1451.66,652,1269,14
uia,1451.66,1458.59,652,1269,14
uia,1458.59,1465.30,652,1269,14
uia,1465.30,1471.55,652,1269,14
uia,1471.55,1477.96,652,1269,14
uia,1477.96,1484.54,652,1269,14
uia,1484.54,1490.90,652,1269,14
uia,1490.90,1497.47,652,1269,14
uia,1497.47,1503.58,652,1269,14
uia,1503.58,1510.44,652,1269,14
uia,1510.44,1517.06,652,1269,14
uia,1517.06,1523.92,652,1269,14
uia,1523.92,1530.21,652,1269,14
uia,1530.21,1537.13,652,1269,14
uia,1537.13,1544.23,652,1269,14
uia,1544.23,1550.36,652,1269,14
uia,1550.36,1557.18,652,1269,14
uia,1557.18,1563.78,652,1269,14
uia,1563.78,1569.97,652,1269,14
uia,1569.97,1576.88,652,1269,14
uia,1576.88,1583.21,652,1269,14
uia,1583.21,1589.58,652,1269,14
uia,1589.58,1596.64,652,1269,14
uia,1596.64,1602.86,652,1269,14
uia,1602.86,1609.78,652,1269,14
uia,1609.78,1616.93,652,1269,14
uia,1616.93,1623.93,652,1269,14
uia,1623.93,1630.73,652,1269,14
uia,1630.73,1637.30,652,1269,14
uia,1637.30,1643.43,652,1269,14
uia,1643.43,1649.12,652,1269,14
uia,1649.12,1655.78,652,1269,14
uia,1655.78,1661.87,652,1269,14
uia,1661.87,1668.33,652,1269,14
uia,1668.33,1674.66,652,1269,14
uia,1674.66,1681.29,652,1269,14
uia,1681.29,1687.88,652,1269,14
uia,1687.88,1694.13,652,1269,14
uia,1694.13,1700.24,652,1269,14
uia,1700.24,1706.50,652,1269,14
uia,1706.50,1712.79,652,1269,14
uia,1712.79,1719.31,652,1269,14
uia,1719.31,1726.06,652,1269,14
uia,1726.06,1732.39,652,1269,14
uia,1732.39,1739.26,652,1269,14
uia,1739.27,1745.55,652,1269,14
uia,1745.55,1751.75,652,1269,14
uia,1751.75,1758.22,652,1269,14
uia,1758.22,1764.50,652,1269,14
uia,1764.50,1770.73,652,1269,14
uia,1770.74,1777.73,652,1269,14
uia,1777.73,1784.74,652,1269,14
uia,1784.74,1790.98,652,1269,14
uia,1790.98,1797.25,652,1269,14
uia,1797.25,1804.21,652,1269,14
uia,1804.21,1810.49,652,1269,14
uia,1810.49,1817.31,652,1269,14
uia,1817.31,1823.51,652,1269,14
uia,1823.51,1829.80,652,1269,14
uia,1829.80,1836.17,652,1269,14
uia,1836.17,1842.56,652,1269,14
uia,1842.56,1848.69,652,1269,14
uia,1848.69,1855.11,652,1269,14
uia,1855.11,1861.43,652,1269,14
uia,1861.43,1867.96,652,1269,14
uia,1867.96,1874.27,652,1269,14
uia,1874.27,1880.44,652,1269,14
uia,1880.44,1886.98,652,1269,14
uia,1886.98,1892.69,652,1269,14
uia,1892.69,1899.56,652,1269,14
uia,1899.56,1906.76,652,1269,14
uia,1906.76,1912.73,652,1269,14
uia,1912.73,1919.41,652,1269,14
uia,1919.41,1925.67,652,1269,14
uia,1925.67,1932.02,652,1269,14
uia,1932.02,1938.30,652,1269,14
uia,1938.30,1944.71,652,1269,14
uia,1944.71,1951.22,652,1269,14
uia,1951.22,1957.63,652,1269,14
uia,1957.63,1964.04,652,1269,14
uia,1964.04,1969.95,652,1269,14
uia,1969.95,1976.21,652,1269,14
uia,1976.21,1982.18,652,1269,14
uia,1982.18,1988.55,652,1269,14
uia,1988.55,1994.43,652,1269,14
uia,1994.43,2001.05,652,1269,14
uia,2001.05,2007.30,652,1269,14
uia,2007.30,2012.98,652,1269,14
uia,2012.98,2019.18,652,1269,14
uia,2019.18,2024.94,652,1269,14
uia,2024.94,2030.49,652,1269,14
uia,2030.49,2035.91,652,1269,14
uia,2035.91,2041.29,652,1269,14
uia,2041.29,2046.59,652,1269,14
uia,2046.59,2052.55,652,1269,14
uia,2052.55,2058.26,652,1269,14
uia,2058.26,2063.78,652,1269,14
uia,2063.78,2069.18,652,1269,14
uia,2069.18,2074.57,652,1269,14
uia,2074.57,2079.98,652,1269,14
uia,2079.98,2085.62,652,1269,14
uia,2085.62,2091.19,652,1269,14
uia,2091.19,2096.90,652,1269,14
uia,2096.90,2102.60,652,1269,14
uia,2102.60,2108.20,652,1269,14
uia,2108.20,2113.80,652,1269,14
uia,2113.80,2119.80,652,1269,14
uia,2119.80,2125.70,652,1269,14
uia,2125.70,2131.31,652,1269,14
uia,2131.31,2136.87,652,1269,14
uia,2136.87,2142.77,652,1269,14
uia,2142.77,2148.22,652,1269,14
uia,2148.22,2153.88,652,1269,14
uia,2153.88,2159.49,652,1269,14
uia,2159.49,2165.38,652,1269,14
uia,2165.38,2170.92,652,1269,14
uia,2170.92,2176.38,652,1269,14
uia,2176.38,2181.80,652,1269,14
uia,2181.80,2187.86,652,1269,14
uia,2187.86,2193.38,652,1269,14
uia,2193.38,2199.03,652,1269,14
uia,2199.03,2204.47,652,1269,14
uia,2204.47,2214.88,652,1269,14
uia,2214.88,2220.42,652,1269,14
uia,2220.42,2226.32,652,1269,14
uia,2226.32,2231.93,652,1269,14
uia,2231.93,2237.46,652,1269,14
uia,2237.46,2242.85,652,1269,14
uia,2242.85,2248.33,652,1269,14
uia,2248.33,2253.98,652,1269,14
uia,2253.98,2259.75,652,1269,14
uia,2259.75,2265.40,652,1269,14
uia,2265.40,2270.98,652,1269,14
uia,2270.98,2276.43,652,1269,14
uia,2276.43,2282.06,652,1269,14
uia,2282.06,2288.24,652,1269,14
uia,2288.24,2293.70,652,1269,14
uia,2293.70,2299.23,652,1269,14
uia,2299.23,2304.63,652,1269,14
uia,2304.63,2310.06,652,1269,14
uia,2310.06,2315.49,652,1269,14
uia,2315.49,2321.52,652,1269,14
uia,2321.52,2326.99,652,1269,14
uia,2326.99,2332.43,652,1269,14
uia,2332.43,2337.86,652,1269,14
uia,2337.86,2343.28,652,1269,14
uia,2343.28,2348.75,652,1269,14
uia,2348.75,2354.51,652,1269,14
uia,2354.51,2360.25,652,1269,14
uia,2360.25,2365.80,652,1269,14
uia,2365.80,2371.26,652,1269,14
uia,2371.26,2376.81,652,1269,14
uia,2376.81,2382.30,652,1269,14
uia,2382.30,2388.35,652,1269,14
uia,2388.35,2394.02,652,1269,14
uia,2394.02,2399.60,652,1269,14
uia,2399.60,2405.04,652,1269,14
uia,2405.04,2410.55,652,1269,14
uia,2410.55,2415.92,652,1269,14
uia,2415.92,2421.62,652,1269,14
uia,2421.62,2427.09,652,1269,14
uia,2427.09,2432.56,652,1269,14
uia,2432.57,2438.00,652,1269,14
uia,2438.00,2443.44,652,1269,14
uia,2443.44,2449.10,652,1269,14
uia,2449.10,2454.96,652,1269,14
uia,2454.96,2460.50,652,1269,14
uia,2460.50,2466.01,652,1269,14
uia,2466.01,2471.56,652,1269,14
uia,2471.56,2476.95,652,1269,14
uia,2476.95,2482.57,652,1269,14
uia,2482.57,2488.22,652,1269,14
uia,2488.22,2494.12,652,1269,14
uia,2494.12,2499.71,652,1269,14
uia,2499.71,2505.13,652,1269,14
uia,2505.13,2510.67,652,1269,14
uia,2510.67,2516.46,652,1269,14
uia,2516.46,2522.26,652,1269,14
uia,2522.26,2527.81,652,1269,14
uia,2527.81,2533.33,652,1269,14
uia,2533.33,2538.81,652,1269,14
uia,2538.81,2544.16,652,1269,14
uia,2544.16,2550.57,652,1269,14
uia,2550.57,2556.21,652,1269,14
uia,2556.21,2562.11,652,1269,14
uia,2562.11,2567.76,652,1269,14
uia,2567.76,2573.25,652,1269,14
uia,2573.25,2578.76,652,1269,14
uia,2578.76,2584.83,652,1269,14
uia,2584.83,2590.35,652,1269,14
uia,2590.35,2595.79,652,1269,14
uia,2595.79,2601.25,652,1269,14
uia,2601.25,2606.83,652,1269,14
uia,2606.83,2612.27,652,1269,14
uia,2612.27,2618.19,652,1269,14
uia,2618.19,2623.81,652,1269,14
uia,2623.81,2629.42,652,1269,14
uia,2629.42,2634.96,652,1269,14
uia,2634.96,2640.44,652,1269,14
uia,2640.44,2645.83,652,1269,14
uia,2645.83,2651.75,652,1269,14
uia,2651.75,2657.40,652,1269,14
uia,2657.40,2662.82,652,1269,14
uia,2662.82,2668.25,652,1269,14
uia,2668.26,2674.24,652,1269,14
uia,2674.24,2679.89,652,1269,14
uia,2679.89,2685.81,652,1269,14
uia,2685.81,2691.38,652,1269,14
uia,2691.39,2697.13,652,1269,14
uia,2697.13,2702.63,652,1269,14
uia,2702.63,2708.33,652,1269,14
uia,2708.33,2713.72,652,1269,14
uia,2713.72,2719.80,652,1269,14
uia,2719.80,2725.21,652,1269,14
uia,2725.21,2730.90,652,1269,14
uia,2730.90,2736.51,652,1269,14
uia,2736.51,2741.92,652,1269,14
uia,2741.92,2747.31,652,1269,14
uia,2747.31,2753.15,652,1269,14
uia,2753.15,2758.52,652,1269,14
uia,2758.52,2764.05,652,1269,14
uia,2764.05,2769.58,652,1269,14
uia,2769.58,2774.95,652,1269,14
uia,2774.95,2780.77,652,1269,14
uia,2780.77,2786.27,652,1269,14
uia,2786.27,2791.87,652,1269,14
uia,2791.87,2797.31,652,1269,14
uia,2797.31,2802.72,652,1269,14
uia,2802.72,2808.21,652,1269,14
uia,2808.21,2813.71,652,1269,14
uia,2813.71,2819.92,652,1269,14
uia,2819.92,2825.41,652,1269,14
uia,2825.41,2830.89,652,1269,14
uia,2830.89,2836.44,652,1269,14
uia,2836.44,2841.93,652,1269,14
uia,2841.93,2847.29,652,1269,14
uia,2847.29,2852.93,652,1269,14
uia,2852.93,2858.44,652,1269,14
uia,2858.44,2864.03,652,1269,14
uia,2864.03,2869.49,652,1269,14
uia,2869.49,2874.91,652,1269,14
uia,2874.91,2880.32,652,1269,14
uia,2880.32,2886.33,652,1269,14
uia,2886.33,2891.81,652,1269,14
uia,2891.81,2897.28,652,1269,14
uia,2897.28,2902.61,652,1269,14
uia,2902.61,2908.34,652,1269,14
uia,2908.34,2913.92,652,1269,14
uia,2913.93,2920.07,652,1269,14
uia,2920.07,2925.49,652,1269,14
uia,2925.49,2930.96,652,1269,14
uia,2930.96,2936.59,652,1269,14
uia,2936.59,2941.97,652,1269,14
uia,2941.97,2947.49,652,1269,14
uia,2947.49,2953.15,652,1269,14
uia,2953.15,2958.45,652,1269,14
uia,2958.45,2963.88,652,1269,14
uia,2963.88,2969.73,652,1269,14
uia,2969.73,2975.14,652,1269,14
uia,2975.14,2980.67,652,1269,14
uia,2980.67,2986.47,652,1269,14
uia,2986.48,2991.88,652,1269,14
uia,2991.88,2997.14,652,1269,14
uia,2997.14,3002.62,652,1269,14
uia,3002.62,3008.18,652,1269,14
uia,3008.18,3013.64,652,1269,14
uia,3013.64,3019.36,652,1269,14
uia,3019.36,3024.72,652,1269,14
uia,3024.72,3030.27,652,1269,14
uia,3030.27,3035.79,652,1269,14
uia,3035.79,3041.29,652,1269,14
uia,3041.29,3046.84,652,1269,14
uia,3046.84,3052.58,652,1269,14
uia,3052.58,3058.23,652,1269,14
uia,3058.23,3063.74,652,1269,14
uia,3063.74,3069.45,652,1269,14
uia,3069.45,3074.79,652,1269,14
uia,3074.79,3080.28,652,1269,14
uia,3080.28,3086.07,652,1269,14
uia,3086.07,3091.60,652,1269,14
uia,3091.60,3097.08,652,1269,14
uia,3097.08,3102.58,652,1269,14
uia,3102.58,3108.13,652,1269,14
uia,3108.13,3113.56,652,1269,14
uia,3113.56,3119.20,652,1269,14
uia,3119.20,3124.75,652,1269,14
uia,3124.75,3130.21,652,1269,14
uia,3130.21,3136.09,652,1269,14
uia,3136.09,3141.91,652,1269,14
uia,3141.91,3147.56,652,1269,14
uia,3147.56,3153.45,652,1269,14
uia,3153.45,3159.27,652,1269,14
uia,3159.27,3164.71,652,1269,14
uia,3164.71,3170.21,652,1269,14
uia,3170.21,3175.63,652,1269,14
uia,3175.63,3180.95,652,1269,14
uia,3180.95,3186.87,652,1269,14
uia,3186.87,3192.27,652,1269,14
uia,3192.27,3197.77,652,1269,14
uia,3197.77,3203.39,652,1269,14
uia,3203.39,3209.00,652,1269,14
uia,3209.00,3214.53,652,1269,14
uia,3214.53,3220.40,652,1269,14
uia,3220.40,3226.12,652,1269,14
uia,3226.12,3231.54,652,1269,14
uia,3231.54,3237.26,652,1269,14
uia,3237.26,3243.09,652,1269,14
uia,3243.09,3248.81,652,1269,14
uia,3248.81,3254.68,652,1269,14
uia,3254.68,3260.24,652,1269,14
uia,3260.24,3265.67,652,1269,14
uia,3265.67,3271.02,652,1269,14
uia,3271.02,3276.48,652,1269,14
uia,3276.48,3282.03,652,1269,14
uia,3282.03,3287.78,652,1269,14
uia,3287.78,3293.30,652,1269,14
uia,3293.30,3300.29,652,1269,14
uia,3300.29,3306.00,652,1269,14
uia,3306.00,3311.70,652,1269,14
uia,3311.70,3317.05,652,1269,14
uia,3317.05,3323.22,652,1269,14
uia,3323.23,3328.70,652,1269,14
uia,3328.70,3334.47,652,1269,14
uia,3334.48,3340.15,652,1269,14
uia,3340.15,3345.80,652,1269,14
uia,3345.80,3351.34,652,1269,14
uia,3351.34,3356.92,652,1269,14
uia,3356.92,3362.34,652,1269,14
uia,3362.34,3367.66,652,1269,14
uia,3367.66,3373.07,652,1269,14
uia,3373.07,3378.46,652,1269,14
uia,3378.46,3383.89,652,1269,14
uia,3383.89,3389.54,652,1269,14
uia,3389.54,3394.91,652,1269,14
uia,3394.91,3400.29,652,1269,14
uia,3400.30,3405.72,652,1269,14
uia,3405.72,3411.29,652,1269,14
uia,3411.29,3417.29,652,1269,14
uia,3417.29,3423.01,652,1269,14
uia,3423.01,3428.56,652,1269,14
uia,3428.56,3434.15,652,1269,14
uia,3434.15,3439.66,652,1269,14
uia,3439.66,3445.25,652,1269,14
uia,3445.25,3451.21,652,1269,14
uia,3451.21,3456.89,652,1269,14
uia,3456.89,3462.34,652,1269,14
uia,3462.34,3468.10,652,1269,14
uia,3468.10,3473.82,652,1269,14
uia,3473.82,3479.54,652,1269,14
uia,3479.54,3485.63,652,1269,14
uia,3485.63,3491.22,652,1269,14
uia,3491.22,3496.78,652,1269,14
uia,3496.78,3502.48,652,1269,14
uia,3502.48,3508.03,652,1269,14
uia,3508.03,3513.71,652,1269,14
